{"v":"4.8.0","meta":{"g":"LottieFiles AE 1.0.0","a":"","k":"","d":"","tc":"none"},"fr":60,"ip":30,"op":239,"w":1080,"h":300,"nm":"Movies","ddd":0,"assets":[{"id":"comp_0","layers":[{"ddd":0,"ind":3,"ty":4,"nm":"O 2","sr":1,"ks":{"o":{"a":0,"k":100,"ix":11},"r":{"a":0,"k":0,"ix":10},"p":{"a":0,"k":[82,90,0],"ix":2},"a":{"a":0,"k":[219.767,-16.232,0],"ix":1},"s":{"a":0,"k":[100,100,100],"ix":6}},"ao":0,"shapes":[{"ty":"gr","it":[{"ind":0,"ty":"sh","ix":1,"ks":{"a":1,"k":[{"i":{"x":0,"y":1},"o":{"x":0.167,"y":0.167},"t":142,"s":[{"i":[[0,-0.034],[-0.024,0],[-0.006,0.008],[0,0.017],[0.006,0.008],[0.012,0]],"o":[[0,0.034],[0.012,0],[0.006,-0.008],[0,-0.017],[-0.006,-0.008],[-0.024,0]],"v":[[219.731,-16.493],[219.767,-16.443],[219.793,-16.455],[219.802,-16.493],[219.793,-16.532],[219.767,-16.545]],"c":true}]},{"t":172.533203125,"s":[{"i":[[0,-29.88],[-20.596,0],[-5.064,7.191],[0,15.221],[5.131,7.296],[10.191,0]],"o":[[0,29.603],[10.473,0],[5.061,-7.189],[0,-15.29],[-5.131,-7.295],[-20.736,0]],"v":[[188.873,-16.285],[219.766,28.119],[243.068,17.332],[250.66,-16.285],[242.963,-50.163],[219.977,-61.106]],"c":true}]}],"ix":2},"nm":"Path 1","mn":"ADBE Vector Shape - Group","hd":false},{"ind":1,"ty":"sh","ix":2,"ks":{"a":1,"k":[{"i":{"x":0.667,"y":1},"o":{"x":0.333,"y":0},"t":126,"s":[{"i":[[0,-38.334],[18.752,-19.894],[36.159,0],[19.013,19.996],[0,38.232],[-18.91,19.947],[-36.058,0],[-18.648,-19.79]],"o":[[0,38.234],[-18.754,19.896],[-35.643,0],[-19.014,-19.997],[0,-37.817],[18.907,-19.944],[36.157,0],[18.649,19.791]],"v":[[330.267,-16.31],[302.136,70.878],[219.765,100.718],[137.785,70.724],[109.267,-16.621],[137.629,-103.265],[220.078,-133.183],[302.293,-103.498]],"c":true}]},{"t":142,"s":[{"i":[[0,-25.831],[12.637,-13.404],[24.365,0],[12.811,13.475],[0,25.762],[-12.742,13.44],[-24.297,0],[-12.566,-13.334]],"o":[[0,25.763],[-12.637,13.406],[-24.018,0],[-12.812,-13.475],[0,-25.482],[12.74,-13.439],[24.363,0],[12.566,13.336]],"v":[[294.225,-16.285],[275.27,42.465],[219.766,62.572],[164.525,42.361],[145.309,-16.494],[164.42,-74.877],[219.977,-95.037],[275.375,-75.035]],"c":true}]}],"ix":2},"nm":"Path 2","mn":"ADBE Vector Shape - Group","hd":false},{"ty":"fl","c":{"a":0,"k":[1,1,1,1],"ix":4},"o":{"a":0,"k":100,"ix":5},"r":1,"bm":0,"nm":"Fill 1","mn":"ADBE Vector Graphic - Fill","hd":false},{"ty":"tr","p":{"a":0,"k":[0,0],"ix":2},"a":{"a":0,"k":[0,0],"ix":1},"s":{"a":0,"k":[100,100],"ix":3},"r":{"a":0,"k":0,"ix":6},"o":{"a":0,"k":100,"ix":7},"sk":{"a":0,"k":0,"ix":4},"sa":{"a":0,"k":0,"ix":5},"nm":"Transform"}],"nm":"Group 1","np":3,"cix":2,"bm":0,"ix":1,"mn":"ADBE Vector Group","hd":false}],"ip":149,"op":1878,"st":0,"bm":0},{"ddd":0,"ind":4,"ty":4,"nm":"O","td":1,"sr":1,"ks":{"o":{"a":0,"k":100,"ix":11},"r":{"a":0,"k":0,"ix":10},"p":{"a":0,"k":[82,90,0],"ix":2},"a":{"a":0,"k":[219.767,-16.232,0],"ix":1},"s":{"a":0,"k":[100,100,100],"ix":6}},"ao":0,"shapes":[{"ty":"gr","it":[{"ind":0,"ty":"sh","ix":1,"ks":{"a":1,"k":[{"i":{"x":0,"y":1},"o":{"x":0.167,"y":0.167},"t":140.268,"s":[{"i":[[0,-0.034],[-0.024,0],[-0.006,0.008],[0,0.017],[0.006,0.008],[0.012,0]],"o":[[0,0.034],[0.012,0],[0.006,-0.008],[0,-0.017],[-0.006,-0.008],[-0.024,0]],"v":[[219.731,-16.493],[219.767,-16.443],[219.793,-16.455],[219.802,-16.493],[219.793,-16.532],[219.767,-16.545]],"c":true}]},{"t":174,"s":[{"i":[[0,-29.88],[-20.596,0],[-5.064,7.191],[0,15.221],[5.131,7.296],[10.191,0]],"o":[[0,29.603],[10.473,0],[5.061,-7.189],[0,-15.29],[-5.131,-7.295],[-20.736,0]],"v":[[188.873,-16.285],[219.766,28.119],[243.068,17.332],[250.66,-16.285],[242.963,-50.163],[219.977,-61.106]],"c":true}]}],"ix":2},"nm":"Path 1","mn":"ADBE Vector Shape - Group","hd":false},{"ind":1,"ty":"sh","ix":2,"ks":{"a":1,"k":[{"i":{"x":0.667,"y":1},"o":{"x":0.333,"y":0},"t":126,"s":[{"i":[[0,-38.334],[18.752,-19.894],[36.159,0],[19.013,19.996],[0,38.232],[-18.91,19.947],[-36.058,0],[-18.648,-19.79]],"o":[[0,38.234],[-18.754,19.896],[-35.643,0],[-19.014,-19.997],[0,-37.817],[18.907,-19.944],[36.157,0],[18.649,19.791]],"v":[[330.267,-16.31],[302.136,70.878],[219.765,100.718],[137.785,70.724],[109.267,-16.621],[137.629,-103.265],[220.078,-133.183],[302.293,-103.498]],"c":true}]},{"t":142,"s":[{"i":[[0,-25.831],[12.637,-13.404],[24.365,0],[12.811,13.475],[0,25.762],[-12.742,13.44],[-24.297,0],[-12.566,-13.334]],"o":[[0,25.763],[-12.637,13.406],[-24.018,0],[-12.812,-13.475],[0,-25.482],[12.74,-13.439],[24.363,0],[12.566,13.336]],"v":[[294.225,-16.285],[275.27,42.465],[219.766,62.572],[164.525,42.361],[145.309,-16.494],[164.42,-74.877],[219.977,-95.037],[275.375,-75.035]],"c":true}]}],"ix":2},"nm":"Path 2","mn":"ADBE Vector Shape - Group","hd":false},{"ty":"fl","c":{"a":0,"k":[1,1,1,1],"ix":4},"o":{"a":0,"k":100,"ix":5},"r":1,"bm":0,"nm":"Fill 1","mn":"ADBE Vector Graphic - Fill","hd":false},{"ty":"tr","p":{"a":0,"k":[0,0],"ix":2},"a":{"a":0,"k":[0,0],"ix":1},"s":{"a":0,"k":[100,100],"ix":3},"r":{"a":0,"k":0,"ix":6},"o":{"a":0,"k":100,"ix":7},"sk":{"a":0,"k":0,"ix":4},"sa":{"a":0,"k":0,"ix":5},"nm":"Transform"}],"nm":"Group 1","np":3,"cix":2,"bm":0,"ix":1,"mn":"ADBE Vector Group","hd":false}],"ip":130,"op":1878,"st":0,"bm":0},{"ddd":0,"ind":5,"ty":4,"nm":"Frame 5","tt":1,"sr":1,"ks":{"o":{"a":1,"k":[{"t":142,"s":[100],"h":1},{"t":149,"s":[0],"h":1}],"ix":11},"r":{"a":0,"k":0,"ix":10},"p":{"s":true,"x":{"a":0,"k":82.04,"ix":3},"y":{"a":0,"k":90,"ix":4}},"a":{"a":0,"k":[227.04,0,0],"ix":1},"s":{"a":0,"k":[100,100,100],"ix":6}},"ao":0,"hasMask":true,"masksProperties":[{"inv":false,"mode":"s","pt":{"a":1,"k":[{"i":{"x":0.205,"y":1},"o":{"x":0.167,"y":0.167},"t":129,"s":[{"i":[[3.977,-3.4],[2.186,0],[1.874,2.186],[0,0],[0,0],[0,0],[4.126,-3.226],[2.043,0],[1.874,2.394],[0,0],[0,0],[4.125,3.227],[-3.227,4.125],[0,0],[-2.915,0],[-1.283,-0.609],[-0.898,-1.145],[0,0],[0,0],[-2.889,0.103],[-1.874,-2.199],[0,0]],"o":[[-1.796,1.535],[-2.681,0],[0,0],[0,0],[0,0],[3.227,4.112],[-1.731,1.353],[-2.824,0],[0,0],[0,0],[-3.227,4.125],[-4.125,-3.227],[0,0],[1.796,-2.29],[1.457,0],[1.288,0.612],[0,0],[0,0],[1.718,-2.329],[2.915,-0.104],[0,0],[3.409,3.982]],"v":[[329.063,61.604],[322.895,63.895],[315.686,60.576],[276.257,14.603],[251.637,48.032],[276.231,79.445],[274.605,92.757],[268.775,94.774],[261.293,91.13],[174.759,-19.386],[139.586,25.533],[126.274,27.147],[124.647,13.835],[167.29,-40.623],[174.759,-44.254],[178.91,-43.291],[182.228,-40.623],[239.51,32.547],[268.046,-6.244],[275.333,-10.095],[282.881,-6.79],[330.091,48.227]],"c":true}]},{"t":142,"s":[{"i":[[0,0],[0,0],[0,0],[0,0],[0,0],[0,0],[0,0],[0,0],[0,0],[0,0],[0,0],[0,0],[0,0],[0,0],[0,0],[0,0],[0,0],[0,0],[0,0],[0,0],[0,0],[0,0]],"o":[[0,0],[0,0],[0,0],[0,0],[0,0],[0,0],[0,0],[0,0],[0,0],[0,0],[0,0],[0,0],[0,0],[0,0],[0,0],[0,0],[0,0],[0,0],[0,0],[0,0],[0,0],[0,0]],"v":[[322.914,63.893],[322.895,63.895],[315.686,60.576],[268.054,-6.241],[222.512,41.61],[263.56,88.843],[268.855,94.819],[268.775,94.774],[222.48,41.614],[182.259,-40.574],[139.586,25.533],[126.274,27.147],[139.6,25.538],[172.571,-25.537],[182.259,-40.597],[182.222,-40.634],[182.228,-40.623],[222.494,41.586],[268.046,-6.244],[268.021,-6.095],[277.584,7.116],[315.703,60.589]],"c":true}]}],"ix":1},"o":{"a":0,"k":100,"ix":3},"x":{"a":0,"k":0,"ix":4},"nm":"Mask 1"}],"shapes":[{"ty":"gr","it":[{"ind":0,"ty":"sh","ix":1,"ks":{"a":0,"k":{"i":[[0,0],[4.351,0],[0,0],[0,-4.349],[0,0],[-4.347,0],[0,0],[0,4.349]],"o":[[0,-4.349],[0,0],[-4.347,0],[0,0],[0,4.349],[0,0],[4.351,0],[0,0]],"v":[[308.496,-70.924],[300.614,-78.805],[153.465,-78.805],[145.584,-70.924],[145.584,70.924],[153.465,78.805],[300.614,78.805],[308.496,70.924]],"c":true},"ix":2},"nm":"Path 1","mn":"ADBE Vector Shape - Group","hd":false},{"ty":"fl","c":{"a":0,"k":[1,1,1,1],"ix":4},"o":{"a":0,"k":100,"ix":5},"r":1,"bm":0,"nm":"Fill 1","mn":"ADBE Vector Graphic - Fill","hd":false},{"ty":"tr","p":{"a":0,"k":[0,0],"ix":2},"a":{"a":0,"k":[0,0],"ix":1},"s":{"a":0,"k":[100,100],"ix":3},"r":{"a":0,"k":0,"ix":6},"o":{"a":0,"k":100,"ix":7},"sk":{"a":0,"k":0,"ix":4},"sa":{"a":0,"k":0,"ix":5},"nm":"Transform"}],"nm":"Group 5","np":2,"cix":2,"bm":0,"ix":1,"mn":"ADBE Vector Group","hd":false},{"ty":"gr","it":[{"ty":"fl","c":{"a":0,"k":[1,0,0,1],"ix":4},"o":{"a":0,"k":100,"ix":5},"r":1,"bm":0,"nm":"Fill 1","mn":"ADBE Vector Graphic - Fill","hd":false},{"ty":"tr","p":{"a":0,"k":[0,0],"ix":2},"a":{"a":0,"k":[0,0],"ix":1},"s":{"a":0,"k":[100,100],"ix":3},"r":{"a":0,"k":0,"ix":6},"o":{"a":0,"k":100,"ix":7},"sk":{"a":0,"k":0,"ix":4},"sa":{"a":0,"k":0,"ix":5},"nm":"Transform"}],"nm":"Group 6","np":1,"cix":2,"bm":0,"ix":2,"mn":"ADBE Vector Group","hd":false}],"ip":130,"op":1878,"st":0,"bm":0},{"ddd":0,"ind":6,"ty":4,"nm":"detail 4","parent":7,"td":1,"sr":1,"ks":{"o":{"a":0,"k":100,"ix":11},"r":{"a":0,"k":0,"ix":10},"p":{"a":0,"k":[227,-3.006,0],"ix":2},"a":{"a":0,"k":[0,0,0],"ix":1},"s":{"a":0,"k":[100,100,100],"ix":6}},"ao":0,"shapes":[{"ty":"gr","it":[{"ind":0,"ty":"sh","ix":1,"ks":{"a":0,"k":{"i":[[3.977,-3.4],[2.186,0],[1.874,2.186],[0,0],[0,0],[0,0],[4.126,-3.226],[2.043,0],[1.874,2.394],[0,0],[0,0],[4.125,3.227],[-3.227,4.125],[0,0],[-2.915,0],[-1.283,-0.609],[-0.898,-1.145],[0,0],[0,0],[-2.889,0.103],[-1.874,-2.199],[0,0]],"o":[[-1.796,1.535],[-2.681,0],[0,0],[0,0],[0,0],[3.227,4.112],[-1.731,1.353],[-2.824,0],[0,0],[0,0],[-3.227,4.125],[-4.125,-3.227],[0,0],[1.796,-2.29],[1.457,0],[1.288,0.612],[0,0],[0,0],[1.718,-2.329],[2.915,-0.104],[0,0],[3.409,3.982]],"v":[[102.125,61.354],[95.957,63.645],[88.748,60.326],[49.32,14.353],[24.7,47.782],[49.294,79.195],[47.667,92.507],[41.838,94.524],[34.355,90.88],[-52.179,-19.636],[-87.352,25.283],[-100.664,26.897],[-102.29,13.585],[-59.648,-40.873],[-52.179,-44.504],[-48.028,-43.541],[-44.709,-40.873],[12.572,32.297],[41.109,-6.494],[48.396,-10.345],[55.943,-7.04],[103.153,47.977]],"c":true},"ix":2},"nm":"Path 1","mn":"ADBE Vector Shape - Group","hd":false},{"ty":"fl","c":{"a":0,"k":[0.678431372549,0.079815456914,0.544623042088,1],"ix":4},"o":{"a":0,"k":100,"ix":5},"r":1,"bm":0,"nm":"Fill 1","mn":"ADBE Vector Graphic - Fill","hd":false},{"ty":"tr","p":{"a":0,"k":[0,0],"ix":2},"a":{"a":0,"k":[0,0],"ix":1},"s":{"a":0,"k":[100,100],"ix":3},"r":{"a":0,"k":0,"ix":6},"o":{"a":0,"k":100,"ix":7},"sk":{"a":0,"k":0,"ix":4},"sa":{"a":0,"k":0,"ix":5},"nm":"Transform"}],"nm":"Rectangle 1","np":3,"cix":2,"bm":0,"ix":1,"mn":"ADBE Vector Group","hd":false}],"ip":0,"op":1878,"st":0,"bm":0},{"ddd":0,"ind":7,"ty":4,"nm":"Frame 4","tt":2,"sr":1,"ks":{"o":{"a":0,"k":100,"ix":11},"r":{"a":0,"k":0,"ix":10},"p":{"s":true,"x":{"a":0,"k":82.04,"ix":3},"y":{"a":1,"k":[{"i":{"x":[0.649],"y":[0.866]},"o":{"x":[0.167],"y":[0.167]},"t":50,"s":[980]},{"t":130,"s":[90]}],"ix":4}},"a":{"a":0,"k":[227.04,0,0],"ix":1},"s":{"a":0,"k":[100,100,100],"ix":6}},"ao":0,"shapes":[{"ty":"gr","it":[{"ind":0,"ty":"sh","ix":1,"ks":{"a":0,"k":{"i":[[0,0],[4.351,0],[0,0],[0,-4.349],[0,0],[-4.347,0],[0,0],[0,4.349]],"o":[[0,-4.349],[0,0],[-4.347,0],[0,0],[0,4.349],[0,0],[4.351,0],[0,0]],"v":[[308.496,-70.924],[300.614,-78.805],[153.465,-78.805],[145.584,-70.924],[145.584,70.924],[153.465,78.805],[300.614,78.805],[308.496,70.924]],"c":true},"ix":2},"nm":"Path 1","mn":"ADBE Vector Shape - Group","hd":false},{"ty":"fl","c":{"a":0,"k":[1,1,1,1],"ix":4},"o":{"a":0,"k":100,"ix":5},"r":1,"bm":0,"nm":"Fill 1","mn":"ADBE Vector Graphic - Fill","hd":false},{"ty":"tr","p":{"a":0,"k":[0,0],"ix":2},"a":{"a":0,"k":[0,0],"ix":1},"s":{"a":0,"k":[100,100],"ix":3},"r":{"a":0,"k":0,"ix":6},"o":{"a":0,"k":100,"ix":7},"sk":{"a":0,"k":0,"ix":4},"sa":{"a":0,"k":0,"ix":5},"nm":"Transform"}],"nm":"Group 5","np":2,"cix":2,"bm":0,"ix":1,"mn":"ADBE Vector Group","hd":false},{"ty":"gr","it":[{"ty":"fl","c":{"a":0,"k":[1,0,0,1],"ix":4},"o":{"a":0,"k":100,"ix":5},"r":1,"bm":0,"nm":"Fill 1","mn":"ADBE Vector Graphic - Fill","hd":false},{"ty":"tr","p":{"a":0,"k":[0,0],"ix":2},"a":{"a":0,"k":[0,0],"ix":1},"s":{"a":0,"k":[100,100],"ix":3},"r":{"a":0,"k":0,"ix":6},"o":{"a":0,"k":100,"ix":7},"sk":{"a":0,"k":0,"ix":4},"sa":{"a":0,"k":0,"ix":5},"nm":"Transform"}],"nm":"Group 6","np":1,"cix":2,"bm":0,"ix":2,"mn":"ADBE Vector Group","hd":false}],"ip":0,"op":130,"st":0,"bm":0},{"ddd":0,"ind":8,"ty":4,"nm":"detail 3","parent":9,"td":1,"sr":1,"ks":{"o":{"a":0,"k":100,"ix":11},"r":{"a":0,"k":0,"ix":10},"p":{"a":0,"k":[227,-3.889,0],"ix":2},"a":{"a":0,"k":[0,0,0],"ix":1},"s":{"a":0,"k":[100,100,100],"ix":6}},"ao":0,"shapes":[{"ty":"gr","it":[{"ind":0,"ty":"sh","ix":1,"ks":{"a":0,"k":{"i":[[3.977,-3.4],[2.186,0],[1.874,2.186],[0,0],[0,0],[0,0],[4.126,-3.226],[2.043,0],[1.874,2.394],[0,0],[0,0],[4.125,3.227],[-3.227,4.125],[0,0],[-2.915,0],[-1.283,-0.609],[-0.898,-1.145],[0,0],[0,0],[-2.889,0.103],[-1.874,-2.199],[0,0]],"o":[[-1.796,1.535],[-2.681,0],[0,0],[0,0],[0,0],[3.227,4.112],[-1.731,1.353],[-2.824,0],[0,0],[0,0],[-3.227,4.125],[-4.125,-3.227],[0,0],[1.796,-2.29],[1.457,0],[1.288,0.612],[0,0],[0,0],[1.718,-2.329],[2.915,-0.104],[0,0],[3.409,3.982]],"v":[[102.125,61.354],[95.957,63.645],[88.748,60.326],[49.32,14.353],[24.7,47.782],[49.294,79.195],[47.667,92.507],[41.838,94.524],[34.355,90.88],[-52.179,-19.636],[-87.352,25.283],[-100.664,26.897],[-102.29,13.585],[-59.648,-40.873],[-52.179,-44.504],[-48.028,-43.541],[-44.709,-40.873],[12.572,32.297],[41.109,-6.494],[48.396,-10.345],[55.943,-7.04],[103.153,47.977]],"c":true},"ix":2},"nm":"Path 1","mn":"ADBE Vector Shape - Group","hd":false},{"ty":"fl","c":{"a":0,"k":[0.678431372549,0.079815456914,0.544623042088,1],"ix":4},"o":{"a":0,"k":100,"ix":5},"r":1,"bm":0,"nm":"Fill 1","mn":"ADBE Vector Graphic - Fill","hd":false},{"ty":"tr","p":{"a":0,"k":[0,0],"ix":2},"a":{"a":0,"k":[0,0],"ix":1},"s":{"a":0,"k":[100,100],"ix":3},"r":{"a":0,"k":0,"ix":6},"o":{"a":0,"k":100,"ix":7},"sk":{"a":0,"k":0,"ix":4},"sa":{"a":0,"k":0,"ix":5},"nm":"Transform"}],"nm":"Rectangle 1","np":3,"cix":2,"bm":0,"ix":1,"mn":"ADBE Vector Group","hd":false}],"ip":0,"op":1878,"st":0,"bm":0},{"ddd":0,"ind":9,"ty":4,"nm":"Frame 3","parent":7,"tt":2,"sr":1,"ks":{"o":{"a":0,"k":100,"ix":11},"r":{"a":0,"k":0,"ix":10},"p":{"a":0,"k":[227.04,-208,0],"ix":2},"a":{"a":0,"k":[227.04,0,0],"ix":1},"s":{"a":0,"k":[100,100,100],"ix":6}},"ao":0,"shapes":[{"ty":"gr","it":[{"ind":0,"ty":"sh","ix":1,"ks":{"a":0,"k":{"i":[[0,0],[4.351,0],[0,0],[0,-4.349],[0,0],[-4.347,0],[0,0],[0,4.349]],"o":[[0,-4.349],[0,0],[-4.347,0],[0,0],[0,4.349],[0,0],[4.351,0],[0,0]],"v":[[308.496,-70.924],[300.614,-78.805],[153.465,-78.805],[145.584,-70.924],[145.584,70.924],[153.465,78.805],[300.614,78.805],[308.496,70.924]],"c":true},"ix":2},"nm":"Path 1","mn":"ADBE Vector Shape - Group","hd":false},{"ty":"fl","c":{"a":0,"k":[1,1,1,1],"ix":4},"o":{"a":0,"k":100,"ix":5},"r":1,"bm":0,"nm":"Fill 1","mn":"ADBE Vector Graphic - Fill","hd":false},{"ty":"tr","p":{"a":0,"k":[0,0],"ix":2},"a":{"a":0,"k":[0,0],"ix":1},"s":{"a":0,"k":[100,100],"ix":3},"r":{"a":0,"k":0,"ix":6},"o":{"a":0,"k":100,"ix":7},"sk":{"a":0,"k":0,"ix":4},"sa":{"a":0,"k":0,"ix":5},"nm":"Transform"}],"nm":"Group 5","np":2,"cix":2,"bm":0,"ix":1,"mn":"ADBE Vector Group","hd":false},{"ty":"gr","it":[{"ty":"fl","c":{"a":0,"k":[1,0,0,1],"ix":4},"o":{"a":0,"k":100,"ix":5},"r":1,"bm":0,"nm":"Fill 1","mn":"ADBE Vector Graphic - Fill","hd":false},{"ty":"tr","p":{"a":0,"k":[0,0],"ix":2},"a":{"a":0,"k":[0,0],"ix":1},"s":{"a":0,"k":[100,100],"ix":3},"r":{"a":0,"k":0,"ix":6},"o":{"a":0,"k":100,"ix":7},"sk":{"a":0,"k":0,"ix":4},"sa":{"a":0,"k":0,"ix":5},"nm":"Transform"}],"nm":"Group 6","np":1,"cix":2,"bm":0,"ix":2,"mn":"ADBE Vector Group","hd":false}],"ip":0,"op":138,"st":0,"bm":0},{"ddd":0,"ind":10,"ty":4,"nm":"detail 5","parent":11,"td":1,"sr":1,"ks":{"o":{"a":0,"k":100,"ix":11},"r":{"a":0,"k":0,"ix":10},"p":{"a":0,"k":[227,4.538,0],"ix":2},"a":{"a":0,"k":[0,0,0],"ix":1},"s":{"a":0,"k":[100,100,100],"ix":6}},"ao":0,"shapes":[{"ty":"gr","it":[{"ind":0,"ty":"sh","ix":1,"ks":{"a":0,"k":{"i":[[3.977,-3.4],[2.186,0],[1.874,2.186],[0,0],[0,0],[0,0],[4.126,-3.226],[2.043,0],[1.874,2.394],[0,0],[0,0],[4.125,3.227],[-3.227,4.125],[0,0],[-2.915,0],[-1.283,-0.609],[-0.898,-1.145],[0,0],[0,0],[-2.889,0.103],[-1.874,-2.199],[0,0]],"o":[[-1.796,1.535],[-2.681,0],[0,0],[0,0],[0,0],[3.227,4.112],[-1.731,1.353],[-2.824,0],[0,0],[0,0],[-3.227,4.125],[-4.125,-3.227],[0,0],[1.796,-2.29],[1.457,0],[1.288,0.612],[0,0],[0,0],[1.718,-2.329],[2.915,-0.104],[0,0],[3.409,3.982]],"v":[[102.125,61.354],[95.957,63.645],[88.748,60.326],[49.32,14.353],[24.7,47.782],[49.294,79.195],[47.667,92.507],[41.838,94.524],[34.355,90.88],[-52.179,-19.636],[-87.352,25.283],[-100.664,26.897],[-102.29,13.585],[-59.648,-40.873],[-52.179,-44.504],[-48.028,-43.541],[-44.709,-40.873],[12.572,32.297],[41.109,-6.494],[48.396,-10.345],[55.943,-7.04],[103.153,47.977]],"c":true},"ix":2},"nm":"Path 1","mn":"ADBE Vector Shape - Group","hd":false},{"ty":"fl","c":{"a":0,"k":[0.678431372549,0.079815456914,0.544623042088,1],"ix":4},"o":{"a":0,"k":100,"ix":5},"r":1,"bm":0,"nm":"Fill 1","mn":"ADBE Vector Graphic - Fill","hd":false},{"ty":"tr","p":{"a":0,"k":[0,0],"ix":2},"a":{"a":0,"k":[0,0],"ix":1},"s":{"a":0,"k":[100,100],"ix":3},"r":{"a":0,"k":0,"ix":6},"o":{"a":0,"k":100,"ix":7},"sk":{"a":0,"k":0,"ix":4},"sa":{"a":0,"k":0,"ix":5},"nm":"Transform"}],"nm":"Rectangle 1","np":3,"cix":2,"bm":0,"ix":1,"mn":"ADBE Vector Group","hd":false}],"ip":0,"op":1878,"st":0,"bm":0},{"ddd":0,"ind":11,"ty":4,"nm":"Frame 2","parent":7,"tt":2,"sr":1,"ks":{"o":{"a":0,"k":100,"ix":11},"r":{"a":0,"k":0,"ix":10},"p":{"a":0,"k":[227.04,-416,0],"ix":2},"a":{"a":0,"k":[227.04,0,0],"ix":1},"s":{"a":0,"k":[100,100,100],"ix":6}},"ao":0,"shapes":[{"ty":"gr","it":[{"ind":0,"ty":"sh","ix":1,"ks":{"a":0,"k":{"i":[[0,0],[4.351,0],[0,0],[0,-4.349],[0,0],[-4.347,0],[0,0],[0,4.349]],"o":[[0,-4.349],[0,0],[-4.347,0],[0,0],[0,4.349],[0,0],[4.351,0],[0,0]],"v":[[308.496,-70.924],[300.614,-78.805],[153.465,-78.805],[145.584,-70.924],[145.584,70.924],[153.465,78.805],[300.614,78.805],[308.496,70.924]],"c":true},"ix":2},"nm":"Path 1","mn":"ADBE Vector Shape - Group","hd":false},{"ty":"fl","c":{"a":0,"k":[1,1,1,1],"ix":4},"o":{"a":0,"k":100,"ix":5},"r":1,"bm":0,"nm":"Fill 1","mn":"ADBE Vector Graphic - Fill","hd":false},{"ty":"tr","p":{"a":0,"k":[0,0],"ix":2},"a":{"a":0,"k":[0,0],"ix":1},"s":{"a":0,"k":[100,100],"ix":3},"r":{"a":0,"k":0,"ix":6},"o":{"a":0,"k":100,"ix":7},"sk":{"a":0,"k":0,"ix":4},"sa":{"a":0,"k":0,"ix":5},"nm":"Transform"}],"nm":"Group 5","np":2,"cix":2,"bm":0,"ix":1,"mn":"ADBE Vector Group","hd":false},{"ty":"gr","it":[{"ty":"fl","c":{"a":0,"k":[1,0,0,1],"ix":4},"o":{"a":0,"k":100,"ix":5},"r":1,"bm":0,"nm":"Fill 1","mn":"ADBE Vector Graphic - Fill","hd":false},{"ty":"tr","p":{"a":0,"k":[0,0],"ix":2},"a":{"a":0,"k":[0,0],"ix":1},"s":{"a":0,"k":[100,100],"ix":3},"r":{"a":0,"k":0,"ix":6},"o":{"a":0,"k":100,"ix":7},"sk":{"a":0,"k":0,"ix":4},"sa":{"a":0,"k":0,"ix":5},"nm":"Transform"}],"nm":"Group 6","np":1,"cix":2,"bm":0,"ix":2,"mn":"ADBE Vector Group","hd":false}],"ip":0,"op":1878,"st":0,"bm":0},{"ddd":0,"ind":12,"ty":4,"nm":"detail 2","parent":13,"td":1,"sr":1,"ks":{"o":{"a":0,"k":100,"ix":11},"r":{"a":0,"k":0,"ix":10},"p":{"a":0,"k":[227,-2.792,0],"ix":2},"a":{"a":0,"k":[0,0,0],"ix":1},"s":{"a":0,"k":[100,100,100],"ix":6}},"ao":0,"shapes":[{"ty":"gr","it":[{"ind":0,"ty":"sh","ix":1,"ks":{"a":0,"k":{"i":[[3.977,-3.4],[2.186,0],[1.874,2.186],[0,0],[0,0],[0,0],[4.126,-3.226],[2.043,0],[1.874,2.394],[0,0],[0,0],[4.125,3.227],[-3.227,4.125],[0,0],[-2.915,0],[-1.283,-0.609],[-0.898,-1.145],[0,0],[0,0],[-2.889,0.103],[-1.874,-2.199],[0,0]],"o":[[-1.796,1.535],[-2.681,0],[0,0],[0,0],[0,0],[3.227,4.112],[-1.731,1.353],[-2.824,0],[0,0],[0,0],[-3.227,4.125],[-4.125,-3.227],[0,0],[1.796,-2.29],[1.457,0],[1.288,0.612],[0,0],[0,0],[1.718,-2.329],[2.915,-0.104],[0,0],[3.409,3.982]],"v":[[102.125,61.354],[95.957,63.645],[88.748,60.326],[49.32,14.353],[24.7,47.782],[49.294,79.195],[47.667,92.507],[41.838,94.524],[34.355,90.88],[-52.179,-19.636],[-87.352,25.283],[-100.664,26.897],[-102.29,13.585],[-59.648,-40.873],[-52.179,-44.504],[-48.028,-43.541],[-44.709,-40.873],[12.572,32.297],[41.109,-6.494],[48.396,-10.345],[55.943,-7.04],[103.153,47.977]],"c":true},"ix":2},"nm":"Path 1","mn":"ADBE Vector Shape - Group","hd":false},{"ty":"fl","c":{"a":0,"k":[0.678431372549,0.079815456914,0.544623042088,1],"ix":4},"o":{"a":0,"k":100,"ix":5},"r":1,"bm":0,"nm":"Fill 1","mn":"ADBE Vector Graphic - Fill","hd":false},{"ty":"tr","p":{"a":0,"k":[0,0],"ix":2},"a":{"a":0,"k":[0,0],"ix":1},"s":{"a":0,"k":[100,100],"ix":3},"r":{"a":0,"k":0,"ix":6},"o":{"a":0,"k":100,"ix":7},"sk":{"a":0,"k":0,"ix":4},"sa":{"a":0,"k":0,"ix":5},"nm":"Transform"}],"nm":"Rectangle 1","np":3,"cix":2,"bm":0,"ix":1,"mn":"ADBE Vector Group","hd":false}],"ip":0,"op":1878,"st":0,"bm":0},{"ddd":0,"ind":13,"ty":4,"nm":"Frame","parent":7,"tt":2,"sr":1,"ks":{"o":{"a":0,"k":100,"ix":11},"r":{"a":0,"k":0,"ix":10},"p":{"a":0,"k":[227.04,-624,0],"ix":2},"a":{"a":0,"k":[227.04,0,0],"ix":1},"s":{"a":0,"k":[100,100,100],"ix":6}},"ao":0,"shapes":[{"ty":"gr","it":[{"ind":0,"ty":"sh","ix":1,"ks":{"a":0,"k":{"i":[[0,0],[4.351,0],[0,0],[0,-4.349],[0,0],[-4.347,0],[0,0],[0,4.349]],"o":[[0,-4.349],[0,0],[-4.347,0],[0,0],[0,4.349],[0,0],[4.351,0],[0,0]],"v":[[308.496,-70.924],[300.614,-78.805],[153.465,-78.805],[145.584,-70.924],[145.584,70.924],[153.465,78.805],[300.614,78.805],[308.496,70.924]],"c":true},"ix":2},"nm":"Path 1","mn":"ADBE Vector Shape - Group","hd":false},{"ty":"fl","c":{"a":0,"k":[1,1,1,1],"ix":4},"o":{"a":0,"k":100,"ix":5},"r":1,"bm":0,"nm":"Fill 1","mn":"ADBE Vector Graphic - Fill","hd":false},{"ty":"tr","p":{"a":0,"k":[0,0],"ix":2},"a":{"a":0,"k":[0,0],"ix":1},"s":{"a":0,"k":[100,100],"ix":3},"r":{"a":0,"k":0,"ix":6},"o":{"a":0,"k":100,"ix":7},"sk":{"a":0,"k":0,"ix":4},"sa":{"a":0,"k":0,"ix":5},"nm":"Transform"}],"nm":"Group 5","np":2,"cix":2,"bm":0,"ix":1,"mn":"ADBE Vector Group","hd":false},{"ty":"gr","it":[{"ty":"fl","c":{"a":0,"k":[1,0,0,1],"ix":4},"o":{"a":0,"k":100,"ix":5},"r":1,"bm":0,"nm":"Fill 1","mn":"ADBE Vector Graphic - Fill","hd":false},{"ty":"tr","p":{"a":0,"k":[0,0],"ix":2},"a":{"a":0,"k":[0,0],"ix":1},"s":{"a":0,"k":[100,100],"ix":3},"r":{"a":0,"k":0,"ix":6},"o":{"a":0,"k":100,"ix":7},"sk":{"a":0,"k":0,"ix":4},"sa":{"a":0,"k":0,"ix":5},"nm":"Transform"}],"nm":"Group 6","np":1,"cix":2,"bm":0,"ix":2,"mn":"ADBE Vector Group","hd":false}],"ip":0,"op":1878,"st":0,"bm":0}]},{"id":"comp_1","layers":[{"ddd":0,"ind":1,"ty":4,"nm":"S","sr":1,"ks":{"o":{"a":0,"k":100,"ix":11},"r":{"a":0,"k":0,"ix":10},"p":{"s":true,"x":{"a":0,"k":442,"ix":3},"y":{"a":1,"k":[{"i":{"x":[0.205],"y":[1]},"o":{"x":[0.167],"y":[0.167]},"t":24.801,"s":[441.393]},{"t":62,"s":[78.253]}],"ix":4}},"a":{"a":0,"k":[0,0,0],"ix":1},"s":{"a":0,"k":[100,100,100],"ix":6}},"ao":0,"shapes":[{"ty":"gr","it":[{"ind":0,"ty":"sh","ix":1,"ks":{"a":0,"k":{"i":[[0,-10.395],[4.846,-7.409],[9.131,-4.108],[12.291,0],[6.955,1.438],[7.516,3.582],[0,0],[-8.57,-2.282],[-7.164,0],[-2.881,2.144],[0,3.372],[1.158,1.581],[2.562,1.617],[11.096,4.988],[5.021,4.285],[2.424,5.55],[0,7.586],[-10.324,7.938],[-18.053,0],[-16.578,-7.376],[0,0],[10.467,0],[2.457,-1.896],[0,-2.809],[-3.127,-2.387],[-13.84,-6.322],[-5.162,-6.848]],"o":[[0,9.554],[-4.848,7.412],[-9.133,4.109],[-10.256,0],[-6.953,-1.438],[0,0],[7.936,4.074],[8.568,2.283],[6.182,0],[2.879,-2.142],[0,-2.106],[-1.16,-1.58],[-2.564,-1.615],[-10.047,-4.565],[-5.021,-4.284],[-2.422,-5.548],[0,-14.188],[10.326,-7.937],[15.943,0],[0,0],[-14.4,-6.602],[-5.408,0],[-2.461,1.896],[0,3.021],[3.125,2.389],[13.275,5.971],[5.162,6.849]],"v":[[417.018,32.004],[409.748,57.448],[388.781,74.728],[356.646,80.892],[330.832,78.731],[309.129,71.198],[309.129,34.111],[333.889,43.646],[357.488,47.07],[371.08,43.857],[375.4,35.586],[373.662,30.055],[368.078,25.261],[347.586,15.357],[324.984,2.082],[313.816,-12.669],[310.182,-32.371],[325.67,-65.56],[368.236,-77.466],[417.018,-66.402],[404.27,-34.268],[366.971,-44.172],[355.172,-41.327],[351.484,-34.268],[356.172,-26.155],[381.617,-13.09],[409.273,6.138]],"c":true},"ix":2},"nm":"Path 1","mn":"ADBE Vector Shape - Group","hd":false},{"ty":"fl","c":{"a":0,"k":[0.949019610882,0,0,1],"ix":4},"o":{"a":0,"k":100,"ix":5},"r":1,"bm":0,"nm":"Fill 1","mn":"ADBE Vector Graphic - Fill","hd":false},{"ty":"tr","p":{"a":0,"k":[0,0],"ix":2},"a":{"a":0,"k":[0,0],"ix":1},"s":{"a":0,"k":[100,100],"ix":3},"r":{"a":0,"k":0,"ix":6},"o":{"a":0,"k":100,"ix":7},"sk":{"a":0,"k":0,"ix":4},"sa":{"a":0,"k":0,"ix":5},"nm":"Transform"}],"nm":"S","np":2,"cix":2,"bm":0,"ix":1,"mn":"ADBE Vector Group","hd":false}],"ip":0,"op":1878,"st":0,"bm":0},{"ddd":0,"ind":2,"ty":4,"nm":"E","sr":1,"ks":{"o":{"a":0,"k":100,"ix":11},"r":{"a":0,"k":0,"ix":10},"p":{"s":true,"x":{"a":0,"k":442,"ix":3},"y":{"a":1,"k":[{"i":{"x":[0.205],"y":[1]},"o":{"x":[0.167],"y":[0.167]},"t":19.84,"s":[441.393]},{"t":57.0390625,"s":[78.253]}],"ix":4}},"a":{"a":0,"k":[0,0,0],"ix":1},"s":{"a":0,"k":[100,100,100],"ix":6}},"ao":0,"shapes":[{"ty":"gr","it":[{"ind":0,"ty":"sh","ix":1,"ks":{"a":0,"k":{"i":[[0,0],[0,0],[0,0],[0,0],[0,0],[0,0],[0,0],[0,0],[0,0],[0,0],[0,0],[0,0]],"o":[[0,0],[0,0],[0,0],[0,0],[0,0],[0,0],[0,0],[0,0],[0,0],[0,0],[0,0],[0,0]],"v":[[289.32,78.784],[197.867,78.784],[197.867,-75.253],[289.32,-75.253],[289.32,-41.854],[239.484,-41.854],[239.484,-17.621],[285.633,-17.621],[285.633,15.778],[239.484,15.778],[239.484,44.858],[289.32,44.858]],"c":true},"ix":2},"nm":"Path 1","mn":"ADBE Vector Shape - Group","hd":false},{"ty":"fl","c":{"a":0,"k":[0.949019610882,0,0,1],"ix":4},"o":{"a":0,"k":100,"ix":5},"r":1,"bm":0,"nm":"Fill 1","mn":"ADBE Vector Graphic - Fill","hd":false},{"ty":"tr","p":{"a":0,"k":[0,0],"ix":2},"a":{"a":0,"k":[0,0],"ix":1},"s":{"a":0,"k":[100,100],"ix":3},"r":{"a":0,"k":0,"ix":6},"o":{"a":0,"k":100,"ix":7},"sk":{"a":0,"k":0,"ix":4},"sa":{"a":0,"k":0,"ix":5},"nm":"Transform"}],"nm":"E","np":2,"cix":2,"bm":0,"ix":1,"mn":"ADBE Vector Group","hd":false}],"ip":0,"op":1878,"st":0,"bm":0},{"ddd":0,"ind":3,"ty":4,"nm":"I","sr":1,"ks":{"o":{"a":0,"k":100,"ix":11},"r":{"a":0,"k":0,"ix":10},"p":{"s":true,"x":{"a":0,"k":442,"ix":3},"y":{"a":1,"k":[{"i":{"x":[0.205],"y":[1]},"o":{"x":[0.167],"y":[0.167]},"t":14.881,"s":[441.393]},{"t":52.080078125,"s":[78.253]}],"ix":4}},"a":{"a":0,"k":[0,0,0],"ix":1},"s":{"a":0,"k":[100,100,100],"ix":6}},"ao":0,"shapes":[{"ty":"gr","it":[{"ind":0,"ty":"sh","ix":1,"ks":{"a":0,"k":{"i":[[0,0],[0,0],[0,0],[0,0]],"o":[[0,0],[0,0],[0,0],[0,0]],"v":[[122.746,78.784],[122.746,-75.253],[164.574,-75.253],[164.574,78.784]],"c":true},"ix":2},"nm":"Path 1","mn":"ADBE Vector Shape - Group","hd":false},{"ty":"fl","c":{"a":0,"k":[0.949019610882,0,0,1],"ix":4},"o":{"a":0,"k":100,"ix":5},"r":1,"bm":0,"nm":"Fill 1","mn":"ADBE Vector Graphic - Fill","hd":false},{"ty":"tr","p":{"a":0,"k":[0,0],"ix":2},"a":{"a":0,"k":[0,0],"ix":1},"s":{"a":0,"k":[100,100],"ix":3},"r":{"a":0,"k":0,"ix":6},"o":{"a":0,"k":100,"ix":7},"sk":{"a":0,"k":0,"ix":4},"sa":{"a":0,"k":0,"ix":5},"nm":"Transform"}],"nm":"I","np":2,"cix":2,"bm":0,"ix":1,"mn":"ADBE Vector Group","hd":false}],"ip":0,"op":1878,"st":0,"bm":0},{"ddd":0,"ind":4,"ty":4,"nm":"V","sr":1,"ks":{"o":{"a":0,"k":100,"ix":11},"r":{"a":0,"k":0,"ix":10},"p":{"s":true,"x":{"a":0,"k":442,"ix":3},"y":{"a":1,"k":[{"i":{"x":[0.205],"y":[1]},"o":{"x":[0.167],"y":[0.167]},"t":9.92,"s":[441.393]},{"t":47.119140625,"s":[78.253]}],"ix":4}},"a":{"a":0,"k":[0,0,0],"ix":1},"s":{"a":0,"k":[100,100,100],"ix":6}},"ao":0,"shapes":[{"ty":"gr","it":[{"ind":0,"ty":"sh","ix":1,"ks":{"a":0,"k":{"i":[[0,0],[0,0],[0,0],[0,0],[0,0],[0,0],[0,0],[-0.42,-6.812],[-1.475,7.375],[-1.125,4.215]],"o":[[0,0],[0,0],[0,0],[0,0],[0,0],[0,0],[4.354,17.35],[0.492,-4.916],[1.475,-7.375],[0,0]],"v":[[59.529,-75.253],[106.098,-75.253],[55.631,78.784],[6.637,78.784],[-43.62,-75.253],[3.16,-75.253],[24.127,2.819],[31.291,39.063],[34.242,20.625],[38.141,3.24]],"c":true},"ix":2},"nm":"Path 1","mn":"ADBE Vector Shape - Group","hd":false},{"ty":"fl","c":{"a":0,"k":[0.949019610882,0,0,1],"ix":4},"o":{"a":0,"k":100,"ix":5},"r":1,"bm":0,"nm":"Fill 1","mn":"ADBE Vector Graphic - Fill","hd":false},{"ty":"tr","p":{"a":0,"k":[0,0],"ix":2},"a":{"a":0,"k":[0,0],"ix":1},"s":{"a":0,"k":[100,100],"ix":3},"r":{"a":0,"k":0,"ix":6},"o":{"a":0,"k":100,"ix":7},"sk":{"a":0,"k":0,"ix":4},"sa":{"a":0,"k":0,"ix":5},"nm":"Transform"}],"nm":"V","np":2,"cix":2,"bm":0,"ix":1,"mn":"ADBE Vector Group","hd":false}],"ip":0,"op":1878,"st":0,"bm":0},{"ddd":0,"ind":6,"ty":4,"nm":"M","sr":1,"ks":{"o":{"a":0,"k":100,"ix":11},"r":{"a":0,"k":0,"ix":10},"p":{"s":true,"x":{"a":0,"k":442,"ix":3},"y":{"a":1,"k":[{"i":{"x":[0.205],"y":[1]},"o":{"x":[0.167],"y":[0.167]},"t":0,"s":[441.393]},{"t":37.19921875,"s":[78.253]}],"ix":4}},"a":{"a":0,"k":[0,0,0],"ix":1},"s":{"a":0,"k":[100,100,100],"ix":6}},"ao":0,"shapes":[{"ty":"gr","it":[{"ind":0,"ty":"sh","ix":1,"ks":{"a":0,"k":{"i":[[0,0],[0,0],[0,0],[0,-10.465],[0,0],[0,0],[0,0],[0,0],[0,0],[0,0],[0,0],[0,0],[0,0],[0,0],[0,0],[-0.105,4.285],[-0.843,16.718],[0,0],[0,0]],"o":[[0,0],[0,0],[1.475,18.896],[0,0],[0,0],[0,0],[0,0],[0,0],[0,0],[0,0],[0,0],[0,0],[0,0],[0,0],[0,-3.512],[0.105,-4.283],[0,0],[0,0],[0,0]],"v":[[-340.42,78.784],[-371.923,-32.16],[-372.872,-32.16],[-370.659,11.88],[-370.659,78.784],[-407.535,78.784],[-407.535,-75.253],[-352.115,-75.253],[-319.98,34.111],[-319.138,34.111],[-287.635,-75.253],[-232.11,-75.253],[-232.11,78.784],[-270.355,78.784],[-270.355,11.248],[-270.198,-0.447],[-268.775,-31.95],[-269.724,-31.95],[-300.805,78.784]],"c":true},"ix":2},"nm":"Path 1","mn":"ADBE Vector Shape - Group","hd":false},{"ty":"fl","c":{"a":0,"k":[0.949019610882,0,0,1],"ix":4},"o":{"a":0,"k":100,"ix":5},"r":1,"bm":0,"nm":"Fill 1","mn":"ADBE Vector Graphic - Fill","hd":false},{"ty":"tr","p":{"a":0,"k":[0,0],"ix":2},"a":{"a":0,"k":[0,0],"ix":1},"s":{"a":0,"k":[100,100],"ix":3},"r":{"a":0,"k":0,"ix":6},"o":{"a":0,"k":100,"ix":7},"sk":{"a":0,"k":0,"ix":4},"sa":{"a":0,"k":0,"ix":5},"nm":"Transform"}],"nm":"M","np":2,"cix":2,"bm":0,"ix":1,"mn":"ADBE Vector Group","hd":false}],"ip":0,"op":1878,"st":0,"bm":0}]}],"layers":[{"ddd":0,"ind":2,"ty":0,"nm":"Frame","refId":"comp_0","sr":1,"ks":{"o":{"a":0,"k":100,"ix":11},"r":{"a":0,"k":0,"ix":10},"p":{"s":true,"x":{"a":0,"k":402.222,"ix":3},"y":{"a":1,"k":[{"i":{"x":[0.833],"y":[1]},"o":{"x":[0.167],"y":[0]},"t":118,"s":[150]},{"i":{"x":[0.295],"y":[1]},"o":{"x":[0.333],"y":[0]},"t":121,"s":[150]},{"i":{"x":[0.668],"y":[1]},"o":{"x":[0.333],"y":[0]},"t":131.25,"s":[105.171]},{"i":{"x":[0.759],"y":[1]},"o":{"x":[0.501],"y":[0]},"t":140.805,"s":[177.591]},{"i":{"x":[0.945],"y":[0.827]},"o":{"x":[0.429],"y":[0]},"t":149.887,"s":[142.291]},{"t":158.05859375,"s":[150]}],"ix":4}},"a":{"a":0,"k":[82,90,0],"ix":1},"s":{"a":1,"k":[{"i":{"x":[0.667,0.667,0.667],"y":[1,1,1]},"o":{"x":[0.333,0.333,0.333],"y":[0,0,0]},"t":124,"s":[100,100,100]},{"i":{"x":[0.396,0.396,0.667],"y":[1,1,1]},"o":{"x":[0.333,0.333,0.333],"y":[0,0,0]},"t":134,"s":[105,105,100]},{"i":{"x":[0.667,0.667,0.667],"y":[1,1,1]},"o":{"x":[0.333,0.333,0.333],"y":[0,0,0]},"t":144,"s":[95.749,95.749,100]},{"i":{"x":[0.667,0.667,0.667],"y":[1,1,1]},"o":{"x":[0.333,0.333,0.333],"y":[0,0,0]},"t":153,"s":[102.381,102.381,100]},{"t":161,"s":[100,100,100]}],"ix":6}},"ao":0,"ef":[{"ty":21,"nm":"Fill","np":9,"mn":"ADBE Fill","ix":1,"en":1,"ef":[{"ty":10,"nm":"Fill Mask","mn":"ADBE Fill-0001","ix":1,"v":{"a":0,"k":0,"ix":1}},{"ty":7,"nm":"All Masks","mn":"ADBE Fill-0007","ix":2,"v":{"a":0,"k":0,"ix":2}},{"ty":2,"nm":"Color","mn":"ADBE Fill-0002","ix":3,"v":{"a":0,"k":[1,1,1,1],"ix":3}},{"ty":7,"nm":"Invert","mn":"ADBE Fill-0006","ix":4,"v":{"a":0,"k":0,"ix":4}},{"ty":0,"nm":"Horizontal Feather","mn":"ADBE Fill-0003","ix":5,"v":{"a":0,"k":0,"ix":5}},{"ty":0,"nm":"Vertical Feather","mn":"ADBE Fill-0004","ix":6,"v":{"a":0,"k":0,"ix":6}},{"ty":0,"nm":"Opacity","mn":"ADBE Fill-0005","ix":7,"v":{"a":0,"k":1,"ix":7}}]}],"w":164,"h":180,"ip":0,"op":1878,"st":0,"bm":0},{"ddd":0,"ind":3,"ty":0,"nm":"Text 2","refId":"comp_1","sr":1,"ks":{"o":{"a":0,"k":100,"ix":11},"r":{"a":0,"k":0,"ix":10},"p":{"a":0,"k":[540,150,0],"ix":2},"a":{"a":0,"k":[445,80,0],"ix":1},"s":{"a":0,"k":[100,100,100],"ix":6}},"ao":0,"ef":[{"ty":21,"nm":"Fill","np":9,"mn":"ADBE Fill","ix":1,"en":1,"ef":[{"ty":10,"nm":"Fill Mask","mn":"ADBE Fill-0001","ix":1,"v":{"a":0,"k":0,"ix":1}},{"ty":7,"nm":"All Masks","mn":"ADBE Fill-0007","ix":2,"v":{"a":0,"k":0,"ix":2}},{"ty":2,"nm":"Color","mn":"ADBE Fill-0002","ix":3,"v":{"a":0,"k":[1,1,1,1],"ix":3}},{"ty":7,"nm":"Invert","mn":"ADBE Fill-0006","ix":4,"v":{"a":0,"k":0,"ix":4}},{"ty":0,"nm":"Horizontal Feather","mn":"ADBE Fill-0003","ix":5,"v":{"a":0,"k":0,"ix":5}},{"ty":0,"nm":"Vertical Feather","mn":"ADBE Fill-0004","ix":6,"v":{"a":0,"k":0,"ix":6}},{"ty":0,"nm":"Opacity","mn":"ADBE Fill-0005","ix":7,"v":{"a":0,"k":1,"ix":7}}]}],"w":890,"h":160,"ip":30,"op":1908,"st":30,"bm":0}],"markers":[]}